{"_runtime":56.140694602,"_step":9,"_wandb":{"runtime":60},"Loss":0.506941856865472,"_timestamp":1.728433361727354e+09}